student_id,school,sex,age,address,famsize,Pstatus,Medu,Fedu,internet,studytime,failures,absences,subject,at_risk
1,GP,F,18,U,GT3,A,4,4,no,2,0,6,math,1
2,GP,F,17,U,GT3,T,1,1,yes,2,0,4,math,1
3,GP,F,15,U,LE3,T,1,1,yes,2,3,10,math,0
4,GP,F,15,U,GT3,T,4,2,yes,3,0,2,math,0
5,GP,F,16,U,GT3,T,3,3,no,2,0,4,math,0
6,GP,M,16,U,LE3,T,4,3,yes,2,0,10,math,0
7,GP,M,16,U,LE3,T,2,2,yes,2,0,0,math,0
8,GP,F,17,U,GT3,A,4,4,no,2,0,6,math,1
9,GP,M,15,U,LE3,A,3,2,yes,2,0,0,math,0
10,GP,M,15,U,GT3,T,3,4,yes,2,0,0,math,0
11,GP,F,15,U,GT3,T,4,4,yes,2,0,0,math,1
12,GP,F,15,U,GT3,T,2,1,yes,3,0,4,math,0
13,GP,M,15,U,LE3,T,4,4,yes,1,0,2,math,0
14,GP,M,15,U,GT3,T,4,3,yes,2,0,2,math,0
15,GP,M,15,U,GT3,A,2,2,yes,3,0,0,math,0
16,GP,F,16,U,GT3,T,4,4,yes,1,0,4,math,0
17,GP,F,16,U,GT3,T,4,4,yes,3,0,6,math,0
18,GP,F,16,U,GT3,T,3,3,no,2,0,4,math,0
19,GP,M,17,U,GT3,T,3,2,yes,1,3,16,math,1
20,GP,M,16,U,LE3,T,4,3,yes,1,0,4,math,0
21,GP,M,15,U,GT3,T,4,3,yes,2,0,0,math,0
22,GP,M,15,U,GT3,T,4,4,yes,1,0,0,math,0
23,GP,M,16,U,LE3,T,4,2,yes,2,0,2,math,0
24,GP,M,16,U,LE3,T,2,2,yes,2,0,0,math,0
25,GP,F,15,R,GT3,T,2,4,yes,3,0,2,math,1
26,GP,F,16,U,GT3,T,2,2,yes,1,2,14,math,1
27,GP,M,15,U,GT3,T,2,2,yes,1,0,2,math,0
28,GP,M,15,U,GT3,T,4,2,yes,1,0,4,math,0
29,GP,M,16,U,LE3,A,3,4,yes,2,0,4,math,0
30,GP,M,16,U,GT3,T,4,4,yes,2,0,16,math,0
31,GP,M,15,U,GT3,T,4,4,yes,2,0,0,math,0
32,GP,M,15,U,GT3,T,4,4,yes,2,0,0,math,0
33,GP,M,15,R,GT3,T,4,3,yes,2,0,0,math,0
34,GP,M,15,U,LE3,T,3,3,yes,2,0,0,math,0
35,GP,M,16,U,GT3,T,3,2,yes,1,0,0,math,0
36,GP,F,15,U,GT3,T,2,3,no,1,0,0,math,1
37,GP,M,15,U,LE3,T,4,3,yes,3,0,2,math,0
38,GP,M,16,R,GT3,A,4,4,yes,3,0,7,math,0
39,GP,F,15,R,GT3,T,3,4,yes,3,0,2,math,0
40,GP,F,15,R,GT3,T,2,2,no,1,0,8,math,0
41,GP,F,16,U,LE3,T,2,2,yes,2,1,25,math,0
42,GP,M,15,U,LE3,T,4,4,yes,1,0,8,math,0
43,GP,M,15,U,GT3,T,4,4,yes,2,0,2,math,0
44,GP,M,15,U,GT3,T,2,2,yes,1,0,0,math,0
45,GP,F,16,U,LE3,T,2,2,yes,2,1,14,math,1
46,GP,F,15,U,LE3,A,4,3,yes,2,0,8,math,1
47,GP,F,16,U,LE3,A,3,3,yes,2,0,12,math,0
48,GP,M,16,U,GT3,T,4,3,yes,4,0,4,math,0
49,GP,M,15,U,GT3,T,4,2,no,2,0,2,math,0
50,GP,F,15,U,GT3,T,4,4,yes,2,1,2,math,1
51,GP,F,16,U,LE3,T,2,2,yes,2,0,2,math,0
52,GP,F,15,U,LE3,T,4,2,yes,2,0,2,math,0
53,GP,M,15,U,LE3,A,4,2,no,1,1,6,math,0
54,GP,F,15,U,GT3,T,4,4,yes,1,0,0,math,0
55,GP,F,15,U,LE3,A,3,3,yes,1,0,6,math,0
56,GP,F,16,U,GT3,A,2,1,yes,2,0,8,math,0
57,GP,F,15,U,GT3,A,4,3,yes,2,0,0,math,0
58,GP,M,15,U,GT3,T,4,4,no,2,0,4,math,0
59,GP,M,15,U,LE3,T,1,2,yes,2,0,2,math,1
60,GP,F,16,U,GT3,T,4,2,yes,2,0,2,math,0
61,GP,F,16,R,GT3,T,4,4,no,2,0,6,math,0
62,GP,F,16,U,GT3,T,1,1,yes,1,0,6,math,0
63,GP,F,16,U,LE3,T,1,2,yes,2,0,4,math,1
64,GP,F,16,U,GT3,T,4,3,yes,3,0,2,math,1
65,GP,F,15,U,LE3,T,4,3,yes,2,0,0,math,0
66,GP,F,16,U,LE3,T,4,3,yes,2,0,2,math,0
67,GP,M,15,U,GT3,A,4,4,yes,4,0,4,math,0
68,GP,F,16,U,GT3,T,3,1,yes,4,0,4,math,1
69,GP,F,15,R,LE3,T,2,2,yes,2,0,2,math,1
70,GP,F,15,R,LE3,T,3,1,yes,4,0,12,math,0
71,GP,M,16,U,GT3,T,3,1,yes,4,0,0,math,0
72,GP,M,15,U,GT3,T,4,2,yes,4,0,0,math,0
73,GP,F,15,R,GT3,T,1,1,yes,2,2,2,math,1
74,GP,M,16,U,GT3,T,3,1,no,1,0,2,math,0
75,GP,F,16,U,GT3,T,3,3,yes,2,0,54,math,0
76,GP,M,15,U,GT3,T,4,3,yes,2,0,6,math,0
77,GP,M,15,U,GT3,T,4,0,yes,4,0,8,math,0
78,GP,F,16,U,GT3,T,2,2,yes,4,0,0,math,0
79,GP,M,17,U,GT3,T,2,1,yes,1,3,2,math,0
80,GP,F,16,U,GT3,T,3,4,yes,2,0,12,math,1
81,GP,M,15,U,GT3,T,2,3,yes,1,0,2,math,0
82,GP,M,15,U,GT3,T,2,3,yes,3,0,4,math,0
83,GP,F,15,U,LE3,T,3,2,yes,2,0,10,math,1
84,GP,M,15,U,LE3,T,2,2,yes,2,0,4,math,0
85,GP,F,15,U,GT3,T,1,1,yes,2,0,2,math,0
86,GP,F,15,U,GT3,T,4,4,yes,2,2,6,math,1
87,GP,F,16,U,LE3,T,2,2,no,2,0,4,math,1
88,GP,F,15,U,GT3,T,4,2,yes,3,0,4,math,0
89,GP,M,16,U,GT3,T,2,2,yes,2,1,12,math,0
90,GP,M,16,U,LE3,A,4,4,no,2,0,18,math,1
91,GP,F,16,U,GT3,T,3,3,yes,3,0,0,math,1
92,GP,F,15,U,GT3,T,4,3,yes,1,0,4,math,0
93,GP,F,16,U,LE3,T,3,1,no,2,0,4,math,1
94,GP,F,16,U,GT3,T,4,2,yes,2,0,0,math,0
95,GP,M,15,U,LE3,T,2,2,yes,4,0,6,math,0
96,GP,F,15,R,GT3,T,1,1,yes,4,1,2,math,0
97,GP,M,16,R,GT3,T,4,3,yes,1,0,2,math,0
98,GP,F,16,U,GT3,T,2,1,no,2,0,2,math,0
99,GP,F,16,U,GT3,T,4,4,yes,1,0,6,math,0
100,GP,F,16,U,GT3,T,4,3,yes,3,0,0,math,1
101,GP,M,16,U,GT3,T,4,4,yes,1,0,14,math,1
102,GP,M,16,U,GT3,T,4,4,yes,3,0,0,math,0
103,GP,M,15,U,GT3,T,4,4,yes,1,0,4,math,0
104,GP,F,15,U,GT3,T,3,2,yes,2,0,26,math,1
105,GP,M,15,U,GT3,A,3,4,yes,2,0,0,math,0
106,GP,F,15,U,GT3,A,3,3,no,4,0,10,math,0
107,GP,F,15,U,GT3,T,2,2,yes,4,0,8,math,1
108,GP,M,16,U,GT3,T,3,3,yes,3,0,2,math,0
109,GP,M,15,R,GT3,T,4,4,yes,4,0,6,math,0
110,GP,F,16,U,LE3,T,4,4,yes,3,0,4,math,0
111,GP,M,15,U,LE3,A,4,4,yes,1,0,6,math,0
112,GP,F,16,R,GT3,T,3,3,yes,3,1,0,math,0
113,GP,F,16,U,GT3,T,2,2,yes,2,1,6,math,0
114,GP,M,15,U,LE3,T,4,2,yes,1,0,10,math,0
115,GP,M,15,R,GT3,T,2,1,yes,2,0,8,math,1
116,GP,M,16,U,GT3,T,4,4,yes,2,0,2,math,0
117,GP,M,15,U,GT3,T,4,4,no,2,0,2,math,0
118,GP,M,16,U,GT3,T,3,3,yes,1,0,0,math,0
119,GP,M,17,R,GT3,T,1,3,yes,2,1,20,math,1
120,GP,M,15,U,GT3,T,3,4,yes,1,0,6,math,0
121,GP,F,15,U,GT3,T,1,2,yes,2,0,2,math,0
122,GP,M,15,U,GT3,T,2,2,yes,4,0,6,math,0
123,GP,F,16,U,LE3,T,2,4,yes,2,0,2,math,0
124,GP,M,16,U,GT3,T,4,4,yes,1,0,18,math,0
125,GP,F,16,U,GT3,T,2,2,yes,2,0,0,math,1
126,GP,M,15,U,GT3,T,3,4,yes,1,0,0,math,0
127,GP,F,15,U,LE3,A,3,4,yes,2,0,0,math,0
128,GP,F,19,U,GT3,T,0,1,no,2,3,2,math,1
129,GP,M,18,R,GT3,T,2,2,yes,1,2,0,math,1
130,GP,M,16,R,GT3,T,4,4,yes,1,0,8,math,0
131,GP,F,15,R,GT3,T,3,4,yes,3,2,0,math,1
132,GP,F,15,U,GT3,T,1,1,yes,1,0,0,math,1
133,GP,F,17,U,LE3,T,2,2,yes,1,0,12,math,0
134,GP,F,16,U,GT3,A,3,4,yes,1,0,16,math,0
135,GP,M,15,R,GT3,T,3,4,no,2,0,0,math,1
136,GP,F,15,U,GT3,T,4,4,yes,3,0,0,math,1
137,GP,M,17,R,GT3,T,3,4,no,2,0,0,math,1
138,GP,F,16,U,GT3,A,3,3,yes,1,2,0,math,1
139,GP,M,16,U,LE3,T,1,1,no,2,1,0,math,0
140,GP,F,15,U,GT3,T,4,4,yes,1,0,0,math,0
141,GP,M,15,U,GT3,T,4,3,yes,4,0,0,math,1
142,GP,M,16,U,LE3,T,2,2,yes,1,2,8,math,1
143,GP,F,15,U,GT3,T,4,4,yes,3,0,2,math,0
144,GP,F,16,U,LE3,T,1,1,yes,1,0,2,math,0
145,GP,M,17,U,GT3,T,2,1,yes,1,3,0,math,1
146,GP,F,15,U,GT3,T,1,1,yes,2,0,0,math,0
147,GP,F,15,U,GT3,T,3,2,yes,2,3,0,math,1
148,GP,F,15,U,GT3,T,1,2,yes,2,0,2,math,0
149,GP,M,16,U,GT3,T,4,4,yes,1,0,0,math,1
150,GP,M,15,U,LE3,A,2,1,yes,1,3,0,math,0
151,GP,M,18,U,LE3,T,1,1,yes,1,3,0,math,1
152,GP,M,16,U,LE3,T,2,1,no,1,1,6,math,0
153,GP,F,15,R,GT3,T,3,3,yes,3,2,8,math,0
154,GP,M,19,U,GT3,T,3,2,yes,1,3,0,math,1
155,GP,F,17,U,GT3,T,4,4,no,1,0,0,math,0
156,GP,M,15,R,GT3,T,2,3,no,2,0,2,math,1
157,GP,M,17,R,LE3,T,1,2,no,1,0,8,math,0
158,GP,F,18,R,GT3,T,1,1,no,1,3,6,math,0
159,GP,M,16,R,GT3,T,2,2,no,1,0,2,math,0
160,GP,M,16,U,GT3,T,3,3,yes,2,1,4,math,0
161,GP,M,17,R,LE3,T,2,1,yes,1,2,0,math,1
162,GP,M,15,R,GT3,T,3,2,yes,2,2,6,math,1
163,GP,M,16,U,LE3,T,1,2,no,1,1,0,math,1
164,GP,M,17,U,GT3,T,1,3,yes,1,0,2,math,0
165,GP,M,17,R,LE3,T,1,1,no,2,3,0,math,1
166,GP,M,16,U,GT3,T,3,2,no,1,1,16,math,0
167,GP,M,16,U,GT3,T,2,2,yes,2,0,4,math,0
168,GP,F,16,U,GT3,T,4,2,yes,2,0,0,math,0
169,GP,F,16,U,GT3,T,2,2,yes,2,0,0,math,1
170,GP,F,16,U,GT3,T,4,4,yes,2,0,0,math,0
171,GP,M,16,U,GT3,T,3,4,yes,1,2,0,math,1
172,GP,M,16,U,GT3,T,1,0,yes,2,0,2,math,0
173,GP,M,17,U,LE3,T,4,4,yes,2,0,0,math,0
174,GP,F,16,U,GT3,T,1,3,yes,2,3,0,math,1
175,GP,F,16,U,LE3,T,3,3,yes,2,0,4,math,1
176,GP,M,17,U,LE3,T,4,3,yes,2,0,4,math,1
177,GP,F,16,U,GT3,T,2,2,yes,2,0,2,math,0
178,GP,M,17,U,GT3,T,3,3,yes,2,0,4,math,1
179,GP,M,16,R,GT3,T,4,2,yes,1,0,10,math,1
180,GP,M,17,U,GT3,T,4,3,yes,2,0,4,math,0
181,GP,M,16,U,GT3,T,4,3,yes,2,0,10,math,1
182,GP,M,16,U,GT3,T,3,3,yes,2,0,2,math,0
183,GP,F,17,U,GT3,T,2,4,no,2,0,0,math,0
184,GP,F,17,U,LE3,T,3,3,yes,2,0,56,math,1
185,GP,F,16,U,GT3,T,3,2,yes,2,0,14,math,0
186,GP,M,17,U,GT3,T,3,3,yes,2,0,12,math,0
187,GP,M,16,U,GT3,T,1,2,yes,1,0,2,math,0
188,GP,M,16,U,LE3,T,2,1,yes,2,0,0,math,0
189,GP,F,17,U,GT3,A,3,3,yes,2,0,6,math,1
190,GP,M,17,R,GT3,T,1,2,no,2,0,4,math,0
191,GP,F,16,U,GT3,T,2,3,yes,2,0,10,math,0
192,GP,F,17,U,GT3,T,1,1,yes,2,0,0,math,1
193,GP,M,17,U,GT3,T,1,2,yes,2,0,12,math,1
194,GP,M,16,R,GT3,T,3,3,yes,1,0,8,math,0
195,GP,M,16,U,GT3,T,2,3,yes,1,0,0,math,0
196,GP,F,17,U,LE3,T,2,4,yes,2,0,0,math,0
197,GP,M,17,U,GT3,T,4,4,yes,1,0,4,math,0
198,GP,M,16,R,LE3,T,3,3,yes,1,0,8,math,0
199,GP,F,17,U,GT3,T,4,4,yes,1,1,24,math,0
200,GP,F,16,U,LE3,T,4,4,yes,2,0,0,math,0
201,GP,F,16,U,GT3,T,4,3,yes,2,0,2,math,0
202,GP,F,16,U,GT3,T,2,3,no,2,0,6,math,0
203,GP,F,17,U,GT3,T,1,1,no,2,0,4,math,0
204,GP,F,17,R,GT3,T,2,2,yes,1,0,18,math,1
205,GP,F,16,R,GT3,T,2,2,yes,4,0,6,math,0
206,GP,F,17,U,GT3,T,3,4,yes,3,1,28,math,1
207,GP,F,16,U,GT3,A,3,1,yes,2,3,5,math,1
208,GP,F,16,U,GT3,T,4,3,yes,2,0,10,math,0
209,GP,F,16,U,GT3,T,1,1,no,1,0,6,math,0
210,GP,F,17,R,GT3,T,4,3,yes,3,0,6,math,1
211,GP,F,19,U,GT3,T,3,3,yes,4,0,10,math,1
212,GP,M,17,U,LE3,T,4,4,yes,2,0,13,math,0
213,GP,F,16,U,GT3,A,2,2,yes,2,0,0,math,0
214,GP,M,18,U,GT3,T,2,2,yes,2,1,15,math,1
215,GP,F,17,R,LE3,T,4,4,no,1,0,12,math,0
216,GP,F,17,U,LE3,T,3,2,yes,2,0,2,math,0
217,GP,F,17,U,GT3,T,4,3,yes,2,2,22,math,1
218,GP,M,18,U,LE3,T,3,3,yes,2,1,13,math,1
219,GP,F,17,U,GT3,T,2,3,no,1,0,3,math,1
220,GP,F,17,U,GT3,T,2,2,yes,3,0,4,math,0
221,GP,F,17,R,GT3,T,2,1,yes,2,0,2,math,1
222,GP,F,17,U,GT3,T,1,1,no,3,1,0,math,1
223,GP,F,16,U,GT3,T,2,3,yes,2,0,2,math,0
224,GP,M,18,U,GT3,T,2,2,yes,2,0,0,math,0
225,GP,F,16,U,GT3,T,4,4,yes,3,0,0,math,0
226,GP,F,18,R,GT3,T,3,1,yes,2,1,16,math,1
227,GP,F,17,U,GT3,T,3,2,yes,2,0,10,math,0
228,GP,M,17,U,LE3,T,2,3,yes,2,0,2,math,0
229,GP,M,18,U,LE3,T,2,1,yes,2,0,14,math,1
230,GP,F,17,U,GT3,A,2,1,yes,3,0,10,math,0
231,GP,F,17,U,LE3,T,4,3,yes,2,0,14,math,0
232,GP,M,17,R,GT3,T,2,2,yes,2,0,4,math,0
233,GP,M,17,U,GT3,T,4,4,yes,2,0,14,math,1
234,GP,M,16,U,GT3,T,4,4,yes,2,0,2,math,0
235,GP,M,16,U,LE3,T,1,1,yes,2,0,18,math,1
236,GP,M,16,U,GT3,T,3,2,yes,3,0,10,math,0
237,GP,M,17,U,LE3,T,2,2,yes,2,0,4,math,0
238,GP,F,16,U,GT3,T,2,1,yes,1,0,20,math,0
239,GP,F,17,R,GT3,T,2,1,no,2,0,2,math,0
240,GP,M,18,U,GT3,T,2,2,yes,2,1,0,math,1
241,GP,M,17,U,LE3,T,4,3,yes,2,0,14,math,0
242,GP,M,17,R,LE3,A,4,4,yes,2,0,2,math,0
243,GP,M,16,U,LE3,T,4,3,yes,1,0,0,math,1
244,GP,M,16,U,GT3,T,4,4,yes,1,0,0,math,0
245,GP,F,18,U,GT3,T,2,1,yes,3,0,0,math,1
246,GP,M,16,U,GT3,T,2,1,yes,1,0,6,math,0
247,GP,M,17,U,GT3,T,2,3,yes,1,0,4,math,0
248,GP,M,22,U,GT3,T,3,1,yes,1,3,16,math,1
249,GP,M,18,R,LE3,T,3,3,yes,2,1,8,math,1
250,GP,M,16,U,GT3,T,0,2,yes,1,0,0,math,0
251,GP,M,18,U,GT3,T,3,2,yes,1,1,0,math,1
252,GP,M,16,U,GT3,T,3,3,yes,2,0,6,math,0
253,GP,M,18,U,GT3,T,2,1,yes,1,1,4,math,1
254,GP,M,16,R,GT3,T,2,1,no,1,0,0,math,1
255,GP,M,17,R,GT3,T,2,1,yes,1,0,0,math,0
256,GP,M,17,U,LE3,T,1,1,yes,1,1,2,math,1
257,GP,F,17,U,LE3,T,4,2,yes,4,0,6,math,0
258,GP,M,19,U,LE3,A,4,3,yes,2,0,12,math,0
259,GP,M,18,U,GT3,T,2,1,yes,2,0,8,math,0
260,GP,F,17,U,LE3,T,2,2,yes,4,0,0,math,1
261,GP,F,18,U,GT3,T,4,3,yes,2,0,21,math,0
262,GP,M,18,U,GT3,T,4,3,yes,2,0,2,math,1
263,GP,M,18,R,GT3,T,3,2,no,3,0,1,math,0
264,GP,F,17,U,GT3,T,3,3,no,3,0,4,math,1
265,GP,F,18,U,GT3,T,2,2,yes,3,0,0,math,1
266,GP,M,18,R,LE3,A,3,4,yes,2,0,13,math,0
267,GP,M,17,U,GT3,T,3,1,yes,2,0,2,math,0
268,GP,F,18,R,GT3,T,4,4,yes,2,0,8,math,0
269,GP,M,18,U,GT3,T,4,2,yes,2,0,10,math,0
270,GP,F,18,R,GT3,T,2,1,yes,2,0,0,math,1
271,GP,F,19,U,GT3,T,3,3,yes,2,2,15,math,1
272,GP,F,18,U,GT3,T,2,3,yes,4,0,4,math,0
273,GP,F,18,U,LE3,T,1,1,no,2,0,2,math,0
274,GP,M,17,R,GT3,T,1,2,no,2,0,2,math,0
275,GP,F,17,U,GT3,T,2,4,yes,2,0,2,math,0
276,GP,F,17,U,LE3,T,2,2,yes,2,0,6,math,0
277,GP,F,18,R,GT3,A,3,2,yes,2,0,75,math,1
278,GP,M,18,U,GT3,T,4,4,yes,1,0,22,math,1
279,GP,F,18,U,GT3,T,4,4,yes,2,1,15,math,1
280,GP,M,18,U,LE3,T,4,3,yes,1,0,8,math,0
281,GP,M,17,U,LE3,A,4,1,yes,1,0,30,math,1
282,GP,M,17,U,LE3,A,3,2,yes,1,1,19,math,0
283,GP,F,18,R,LE3,T,1,1,no,4,0,1,math,0
284,GP,F,18,U,GT3,T,1,1,yes,2,0,4,math,0
285,GP,F,17,U,GT3,T,2,2,yes,2,0,4,math,0
286,GP,M,17,U,GT3,T,1,1,yes,2,0,2,math,0
287,GP,F,18,U,GT3,T,2,2,yes,3,0,5,math,0
288,GP,F,17,U,GT3,T,1,1,yes,3,0,6,math,0
289,GP,M,18,U,GT3,T,2,1,yes,3,0,6,math,0
290,GP,M,18,U,LE3,A,4,4,yes,2,0,9,math,0
291,GP,M,18,U,GT3,T,4,2,yes,2,0,11,math,0
292,GP,F,17,U,GT3,T,4,3,yes,3,0,0,math,0
293,GP,F,18,U,LE3,T,2,1,yes,2,1,12,math,0
294,GP,F,17,R,LE3,T,3,1,no,4,0,6,math,0
295,GP,M,18,R,LE3,T,3,2,yes,3,0,8,math,0
296,GP,M,17,U,GT3,T,3,3,yes,1,0,4,math,0
297,GP,F,19,U,GT3,T,4,4,yes,2,0,0,math,1
298,GP,F,18,U,LE3,T,4,3,yes,2,0,10,math,1
299,GP,F,18,U,GT3,T,4,3,yes,4,0,0,math,0
300,GP,M,18,U,LE3,T,4,4,yes,1,0,5,math,0
301,GP,F,18,U,LE3,A,4,4,yes,2,0,14,math,0
302,GP,M,17,U,LE3,T,4,4,yes,1,0,0,math,0
303,GP,F,17,U,GT3,T,4,2,yes,3,0,0,math,0
304,GP,F,17,U,GT3,T,3,2,yes,4,0,0,math,0
305,GP,M,19,U,GT3,T,3,3,yes,2,1,20,math,0
306,GP,F,18,U,GT3,T,2,4,yes,2,1,8,math,0
307,GP,M,20,U,GT3,A,3,2,no,1,0,0,math,0
308,GP,M,19,U,GT3,T,4,4,yes,1,1,38,math,1
309,GP,M,19,R,GT3,T,3,3,no,2,1,0,math,0
310,GP,F,19,U,LE3,T,1,1,yes,2,1,18,math,0
311,GP,F,19,U,LE3,T,1,2,no,2,1,0,math,1
312,GP,F,19,U,GT3,T,2,1,yes,2,0,20,math,0
313,GP,M,19,U,GT3,T,1,2,yes,2,1,3,math,0
314,GP,F,19,U,LE3,T,3,2,yes,2,1,22,math,0
315,GP,F,19,U,GT3,T,1,1,yes,3,2,14,math,0
316,GP,F,19,R,GT3,T,2,3,yes,3,1,40,math,0
317,GP,F,18,U,GT3,T,2,1,yes,2,0,0,math,1
318,GP,F,18,U,GT3,T,4,3,yes,3,0,9,math,1
319,GP,F,17,R,GT3,T,3,4,yes,3,0,0,math,0
320,GP,F,18,U,GT3,T,4,4,yes,2,0,2,math,0
321,GP,F,17,U,GT3,A,4,3,yes,2,0,23,math,0
322,GP,F,17,U,GT3,T,2,2,no,2,0,12,math,1
323,GP,F,17,R,LE3,T,2,2,yes,3,0,3,math,0
324,GP,F,17,U,GT3,T,3,1,yes,3,0,1,math,0
325,GP,F,17,U,LE3,T,0,2,yes,3,0,0,math,0
326,GP,M,18,U,GT3,T,4,4,yes,3,0,3,math,0
327,GP,M,17,U,GT3,T,3,3,yes,1,0,3,math,0
328,GP,M,17,R,GT3,T,2,2,yes,1,0,8,math,0
329,GP,F,17,U,GT3,T,4,4,yes,3,0,7,math,1
330,GP,F,17,U,GT3,T,4,4,yes,3,0,4,math,0
331,GP,M,18,U,LE3,T,2,2,yes,4,0,2,math,1
332,GP,F,17,R,GT3,T,2,4,yes,3,0,7,math,0
333,GP,F,18,U,GT3,T,3,3,yes,2,0,0,math,1
334,GP,F,18,U,LE3,T,2,2,yes,2,0,0,math,1
335,GP,F,18,R,GT3,T,2,2,no,4,0,0,math,1
336,GP,F,17,U,GT3,T,3,4,yes,3,0,16,math,0
337,GP,F,19,R,GT3,A,3,1,no,3,1,12,math,0
338,GP,F,17,U,GT3,T,3,2,yes,2,0,0,math,1
339,GP,F,18,U,LE3,T,3,3,yes,4,0,7,math,0
340,GP,F,17,R,GT3,A,3,2,yes,2,0,4,math,0
341,GP,F,19,U,GT3,T,2,1,yes,3,1,4,math,0
342,GP,M,18,U,GT3,T,4,4,yes,2,1,0,math,1
343,GP,M,18,U,LE3,T,3,4,yes,2,0,11,math,0
344,GP,F,17,U,GT3,A,2,2,yes,2,1,0,math,1
345,GP,F,18,U,GT3,T,2,3,yes,3,0,4,math,0
346,GP,F,18,U,GT3,T,3,2,yes,3,0,7,math,0
347,GP,M,18,R,GT3,T,4,3,yes,3,0,9,math,0
348,GP,M,18,U,GT3,T,4,3,yes,3,0,0,math,1
349,GP,F,17,U,GT3,T,4,3,yes,3,0,0,math,0
350,MS,M,18,R,GT3,T,3,2,yes,1,1,10,math,0
351,MS,M,19,R,GT3,T,1,1,yes,2,3,8,math,1
352,MS,M,17,U,GT3,T,3,3,yes,2,0,2,math,0
353,MS,M,18,U,LE3,T,1,3,yes,1,1,7,math,1
354,MS,M,19,R,GT3,T,1,1,yes,1,1,4,math,1
355,MS,M,17,R,GT3,T,4,3,yes,2,0,4,math,0
356,MS,F,18,U,GT3,T,3,3,no,2,0,0,math,1
357,MS,F,17,R,GT3,T,4,4,yes,2,0,4,math,0
358,MS,F,17,U,LE3,A,3,2,no,2,0,2,math,0
359,MS,M,18,U,LE3,T,1,1,yes,1,0,4,math,0
360,MS,F,18,U,LE3,T,1,1,yes,3,0,0,math,0
361,MS,F,18,R,LE3,A,1,4,no,2,0,0,math,0
362,MS,M,18,R,LE3,T,1,1,no,2,1,2,math,0
363,MS,F,18,U,GT3,T,3,3,yes,2,0,0,math,0
364,MS,F,17,U,LE3,T,4,4,yes,2,0,0,math,0
365,MS,F,17,R,GT3,T,1,2,no,2,0,0,math,0
366,MS,M,18,R,GT3,T,1,3,no,2,0,4,math,0
367,MS,M,18,U,LE3,T,4,4,yes,3,0,0,math,0
368,MS,F,17,R,GT3,T,1,1,yes,1,1,0,math,1
369,MS,F,18,U,GT3,T,2,3,yes,1,0,0,math,0
370,MS,F,18,R,GT3,T,4,4,yes,2,0,10,math,0
371,MS,F,19,U,LE3,T,3,2,no,2,2,4,math,1
372,MS,M,18,R,LE3,T,1,2,yes,1,0,3,math,0
373,MS,F,17,U,GT3,T,2,2,no,3,0,8,math,0
374,MS,F,17,R,GT3,T,1,2,yes,1,0,14,math,1
375,MS,F,18,R,LE3,T,4,4,yes,3,0,0,math,0
376,MS,F,18,R,GT3,T,1,1,yes,3,0,2,math,0
377,MS,F,20,U,GT3,T,4,2,yes,3,2,4,math,0
378,MS,F,18,R,LE3,T,4,4,yes,2,0,4,math,0
379,MS,F,18,U,GT3,T,3,3,yes,2,0,0,math,0
380,MS,F,17,R,GT3,T,3,1,yes,2,0,17,math,0
381,MS,M,18,U,GT3,T,4,4,yes,2,0,4,math,0
382,MS,M,18,R,GT3,T,2,1,yes,1,0,5,math,1
383,MS,M,17,U,GT3,T,2,3,yes,2,0,2,math,0
384,MS,M,19,R,GT3,T,1,1,no,1,1,0,math,1
385,MS,M,18,R,GT3,T,4,2,no,1,1,14,math,1
386,MS,F,18,R,GT3,T,2,2,no,3,0,2,math,0
387,MS,F,18,R,GT3,T,4,4,yes,1,0,7,math,1
388,MS,F,19,R,GT3,T,2,3,yes,3,1,0,math,1
389,MS,F,18,U,LE3,T,3,1,yes,2,0,0,math,1
390,MS,F,18,U,GT3,T,1,1,no,2,1,0,math,1
391,MS,M,20,U,LE3,A,2,2,no,2,2,11,math,1
392,MS,M,17,U,LE3,T,3,1,yes,1,0,3,math,0
393,MS,M,21,R,GT3,T,1,1,no,1,3,3,math,1
394,MS,M,18,R,LE3,T,3,2,yes,1,0,0,math,0
395,MS,M,19,U,LE3,T,1,1,yes,1,0,5,math,1
396,GP,F,18,U,GT3,A,4,4,no,2,0,4,portuguese,0
397,GP,F,17,U,GT3,T,1,1,yes,2,0,2,portuguese,0
398,GP,F,15,U,LE3,T,1,1,yes,2,0,6,portuguese,0
399,GP,F,15,U,GT3,T,4,2,yes,3,0,0,portuguese,0
400,GP,F,16,U,GT3,T,3,3,no,2,0,0,portuguese,0
401,GP,M,16,U,LE3,T,4,3,yes,2,0,6,portuguese,0
402,GP,M,16,U,LE3,T,2,2,yes,2,0,0,portuguese,0
403,GP,F,17,U,GT3,A,4,4,no,2,0,2,portuguese,0
404,GP,M,15,U,LE3,A,3,2,yes,2,0,0,portuguese,0
405,GP,M,15,U,GT3,T,3,4,yes,2,0,0,portuguese,0
406,GP,F,15,U,GT3,T,4,4,yes,2,0,2,portuguese,0
407,GP,F,15,U,GT3,T,2,1,yes,3,0,0,portuguese,0
408,GP,M,15,U,LE3,T,4,4,yes,1,0,0,portuguese,0
409,GP,M,15,U,GT3,T,4,3,yes,2,0,0,portuguese,0
410,GP,M,15,U,GT3,A,2,2,yes,3,0,0,portuguese,0
411,GP,F,16,U,GT3,T,4,4,yes,1,0,6,portuguese,0
412,GP,F,16,U,GT3,T,4,4,yes,3,0,10,portuguese,0
413,GP,F,16,U,GT3,T,3,3,no,2,0,2,portuguese,0
414,GP,M,17,U,GT3,T,3,2,yes,1,3,2,portuguese,1
415,GP,M,16,U,LE3,T,4,3,yes,1,0,6,portuguese,0
416,GP,M,15,U,GT3,T,4,3,yes,2,0,0,portuguese,0
417,GP,M,15,U,GT3,T,4,4,yes,1,0,0,portuguese,0
418,GP,M,16,U,LE3,T,4,2,yes,2,0,0,portuguese,0
419,GP,M,16,U,LE3,T,2,2,yes,2,0,2,portuguese,0
420,GP,F,15,R,GT3,T,2,4,yes,3,0,2,portuguese,0
421,GP,F,16,U,GT3,T,2,2,yes,1,0,6,portuguese,0
422,GP,M,15,U,GT3,T,2,2,yes,1,0,8,portuguese,0
423,GP,M,15,U,GT3,T,4,2,yes,1,0,0,portuguese,0
424,GP,M,16,U,LE3,A,3,4,yes,2,0,2,portuguese,0
425,GP,M,16,U,GT3,T,4,4,yes,2,0,4,portuguese,0
426,GP,M,15,U,GT3,T,4,4,yes,2,0,0,portuguese,0
427,GP,M,15,U,GT3,T,4,4,yes,2,0,2,portuguese,0
428,GP,M,15,R,GT3,T,4,3,yes,2,0,0,portuguese,0
429,GP,M,15,U,LE3,T,3,3,yes,2,0,0,portuguese,0
430,GP,M,16,U,GT3,T,3,2,yes,1,0,4,portuguese,0
431,GP,F,15,U,GT3,T,2,3,no,1,0,4,portuguese,0
432,GP,M,15,U,LE3,T,4,3,yes,3,0,0,portuguese,0
433,GP,M,16,R,GT3,A,4,4,yes,3,0,4,portuguese,0
434,GP,F,15,R,GT3,T,3,4,yes,3,0,2,portuguese,0
435,GP,F,15,R,GT3,T,2,2,no,1,0,8,portuguese,0
436,GP,F,16,U,LE3,T,2,2,yes,2,0,16,portuguese,0
437,GP,M,15,U,LE3,T,4,4,yes,1,0,8,portuguese,0
438,GP,M,15,U,GT3,T,4,4,yes,2,0,0,portuguese,0
439,GP,M,15,U,GT3,T,2,2,yes,1,0,0,portuguese,0
440,GP,F,16,U,LE3,T,2,2,yes,2,1,14,portuguese,0
441,GP,F,15,U,LE3,A,4,3,yes,2,0,4,portuguese,0
442,GP,F,16,U,LE3,A,3,3,yes,2,0,6,portuguese,0
443,GP,M,16,U,GT3,T,4,3,yes,4,0,2,portuguese,0
444,GP,M,15,U,GT3,T,4,2,no,2,0,4,portuguese,0
445,GP,F,15,U,GT3,T,4,4,yes,2,0,2,portuguese,0
446,GP,F,16,U,LE3,T,2,2,yes,2,0,0,portuguese,0
447,GP,F,15,U,LE3,T,4,2,yes,2,0,0,portuguese,0
448,GP,M,15,U,LE3,A,4,2,no,1,0,4,portuguese,1
449,GP,F,15,U,GT3,T,4,4,yes,1,0,0,portuguese,0
450,GP,F,15,U,LE3,A,3,3,yes,1,0,0,portuguese,0
451,GP,F,16,U,GT3,A,2,1,yes,2,0,2,portuguese,0
452,GP,F,15,U,GT3,A,4,3,yes,2,0,0,portuguese,0
453,GP,M,15,U,GT3,T,4,4,no,2,0,8,portuguese,0
454,GP,M,15,U,LE3,T,1,2,yes,2,0,0,portuguese,0
455,GP,F,16,U,GT3,T,4,2,yes,2,0,2,portuguese,0
456,GP,F,16,R,GT3,T,4,4,no,2,0,0,portuguese,0
457,GP,F,16,U,GT3,T,1,1,yes,1,0,0,portuguese,0
458,GP,F,16,U,LE3,T,1,2,yes,2,0,0,portuguese,0
459,GP,F,16,U,GT3,T,4,3,yes,3,0,0,portuguese,0
460,GP,F,15,U,LE3,T,4,3,yes,2,0,0,portuguese,0
461,GP,F,16,U,LE3,T,4,3,yes,2,0,2,portuguese,0
462,GP,M,15,U,GT3,A,4,4,yes,4,0,0,portuguese,0
463,GP,F,16,U,GT3,T,3,1,yes,4,0,0,portuguese,0
464,GP,F,15,R,LE3,T,2,2,yes,2,0,0,portuguese,0
465,GP,F,15,R,LE3,T,3,1,yes,4,0,6,portuguese,0
466,GP,M,16,U,GT3,T,3,1,yes,4,0,2,portuguese,0
467,GP,M,15,U,GT3,T,4,2,yes,4,0,0,portuguese,0
468,GP,F,15,R,GT3,T,1,1,yes,2,0,2,portuguese,0
469,GP,M,16,U,GT3,T,3,1,no,1,0,0,portuguese,0
470,GP,F,16,U,GT3,T,3,3,yes,2,0,4,portuguese,0
471,GP,M,15,U,GT3,T,4,3,yes,2,0,0,portuguese,0
472,GP,M,15,U,GT3,T,4,0,yes,4,0,0,portuguese,0
473,GP,F,16,U,GT3,T,2,2,yes,4,0,1,portuguese,0
474,GP,M,17,U,GT3,T,2,1,yes,1,3,0,portuguese,0
475,GP,F,16,U,GT3,T,3,4,yes,2,0,14,portuguese,0
476,GP,M,15,U,GT3,T,2,3,yes,1,0,0,portuguese,0
477,GP,M,15,U,GT3,T,2,3,yes,3,0,2,portuguese,1
478,GP,F,15,U,LE3,T,3,2,yes,2,0,4,portuguese,0
479,GP,M,15,U,LE3,T,2,2,yes,2,0,2,portuguese,0
480,GP,F,15,U,GT3,T,1,1,yes,2,0,2,portuguese,0
481,GP,F,15,U,GT3,T,4,4,yes,2,0,4,portuguese,0
482,GP,F,16,U,LE3,T,2,2,no,2,0,6,portuguese,0
483,GP,F,15,U,GT3,T,4,2,yes,3,0,4,portuguese,0
484,GP,M,16,U,GT3,T,2,2,yes,2,0,6,portuguese,0
485,GP,M,16,U,LE3,A,4,4,no,2,0,6,portuguese,0
486,GP,F,16,U,GT3,T,3,3,yes,3,0,2,portuguese,0
487,GP,F,15,U,GT3,T,4,3,yes,1,0,6,portuguese,0
488,GP,F,16,U,LE3,T,3,1,no,2,0,0,portuguese,0
489,GP,F,16,U,GT3,T,4,2,yes,2,0,2,portuguese,0
490,GP,M,15,U,LE3,T,2,2,yes,4,0,2,portuguese,0
491,GP,F,15,R,GT3,T,1,1,yes,4,0,4,portuguese,0
492,GP,M,16,R,GT3,T,4,3,yes,1,0,6,portuguese,0
493,GP,F,16,U,GT3,T,2,1,no,2,0,0,portuguese,0
494,GP,F,16,U,GT3,T,4,4,yes,1,0,4,portuguese,0
495,GP,F,16,U,GT3,T,4,3,yes,3,0,2,portuguese,0
496,GP,M,16,U,GT3,T,4,4,yes,1,0,12,portuguese,1
497,GP,M,16,U,GT3,T,4,4,yes,3,0,0,portuguese,0
498,GP,M,15,U,GT3,T,4,4,yes,1,0,2,portuguese,0
499,GP,F,15,U,GT3,T,3,2,yes,2,0,16,portuguese,0
500,GP,M,15,U,GT3,A,3,4,yes,2,0,0,portuguese,0
501,GP,F,15,U,GT3,A,3,3,no,4,0,10,portuguese,0
502,GP,F,15,U,GT3,T,2,2,yes,4,0,4,portuguese,0
503,GP,M,16,U,GT3,T,3,3,yes,3,0,4,portuguese,0
504,GP,M,15,R,GT3,T,4,4,yes,4,0,8,portuguese,0
505,GP,F,16,U,LE3,T,4,4,yes,3,0,2,portuguese,0
506,GP,M,15,U,LE3,A,4,4,yes,1,0,4,portuguese,0
507,GP,F,16,R,GT3,T,3,3,yes,3,0,4,portuguese,0
508,GP,F,16,U,GT3,T,2,2,yes,2,1,12,portuguese,0
509,GP,M,15,U,LE3,T,4,2,yes,1,0,10,portuguese,0
510,GP,M,15,R,GT3,T,2,1,yes,2,0,4,portuguese,0
511,GP,M,16,U,GT3,T,4,4,yes,2,0,6,portuguese,0
512,GP,M,15,U,GT3,T,4,4,no,2,0,4,portuguese,0
513,GP,M,16,U,GT3,T,3,3,yes,1,0,6,portuguese,0
514,GP,M,17,R,GT3,T,1,3,yes,2,1,14,portuguese,0
515,GP,M,15,U,GT3,T,3,4,yes,1,0,2,portuguese,0
516,GP,F,15,U,GT3,T,1,2,yes,2,0,0,portuguese,0
517,GP,M,15,U,GT3,T,2,2,yes,4,0,6,portuguese,0
518,GP,F,16,U,LE3,T,2,4,yes,2,0,2,portuguese,0
519,GP,M,16,U,GT3,T,4,4,yes,1,0,4,portuguese,0
520,GP,F,16,U,GT3,T,2,2,yes,2,0,0,portuguese,0
521,GP,M,15,U,GT3,T,3,4,yes,1,0,2,portuguese,1
522,GP,F,15,U,LE3,A,3,4,yes,2,0,0,portuguese,0
523,GP,F,19,U,GT3,T,0,1,no,2,2,0,portuguese,0
524,GP,M,16,R,GT3,T,4,4,yes,1,0,8,portuguese,0
525,GP,M,16,U,GT3,T,2,3,yes,3,0,4,portuguese,0
526,GP,F,15,R,GT3,T,3,4,yes,3,0,0,portuguese,0
527,GP,F,18,U,GT3,T,2,1,yes,2,3,10,portuguese,1
528,GP,F,17,U,LE3,A,2,1,yes,1,0,8,portuguese,0
529,GP,F,15,U,GT3,T,1,1,yes,1,0,6,portuguese,0
530,GP,F,17,U,LE3,T,2,2,yes,1,0,2,portuguese,0
531,GP,F,16,U,GT3,A,3,4,yes,1,0,12,portuguese,0
532,GP,M,16,U,GT3,T,2,1,no,1,0,4,portuguese,0
533,GP,F,16,U,GT3,A,2,2,no,1,1,12,portuguese,0
534,GP,M,15,R,GT3,T,3,4,no,2,0,2,portuguese,0
535,GP,F,15,U,GT3,T,4,4,yes,3,0,4,portuguese,0
536,GP,M,17,R,GT3,T,3,4,no,2,0,2,portuguese,0
537,GP,F,16,R,GT3,T,1,1,no,2,0,0,portuguese,0
538,GP,M,18,U,LE3,T,3,1,yes,1,0,2,portuguese,0
539,GP,F,18,U,GT3,A,3,2,yes,3,0,10,portuguese,0
540,GP,F,16,R,GT3,T,1,1,no,1,0,8,portuguese,0
541,GP,F,16,U,GT3,A,3,3,yes,1,0,4,portuguese,0
542,GP,M,16,U,LE3,T,1,1,no,2,2,0,portuguese,0
543,GP,F,15,U,GT3,T,4,4,yes,1,0,6,portuguese,0
544,GP,F,15,R,GT3,T,1,1,yes,1,1,2,portuguese,1
545,GP,M,15,U,GT3,T,4,3,yes,4,0,6,portuguese,0
546,GP,F,15,U,GT3,A,3,3,no,2,0,24,portuguese,1
547,GP,M,16,U,GT3,T,4,4,yes,3,0,0,portuguese,0
548,GP,M,16,U,LE3,T,2,2,yes,1,0,4,portuguese,0
549,GP,F,15,U,GT3,T,4,4,yes,3,0,2,portuguese,0
550,GP,F,16,U,LE3,T,1,1,yes,1,0,4,portuguese,0
551,GP,M,17,U,GT3,T,2,1,yes,1,0,22,portuguese,1
552,GP,F,15,U,GT3,T,1,1,yes,2,0,0,portuguese,0
553,GP,F,15,U,LE3,A,2,1,yes,1,0,0,portuguese,0
554,GP,F,15,U,GT3,T,3,2,yes,2,1,2,portuguese,0
555,GP,F,15,U,GT3,T,1,2,yes,2,0,6,portuguese,0
556,GP,F,15,U,GT3,T,1,2,no,2,0,6,portuguese,0
557,GP,M,16,U,GT3,T,4,4,yes,1,0,16,portuguese,1
558,GP,M,15,U,LE3,A,2,1,yes,1,0,0,portuguese,0
559,GP,M,18,U,LE3,T,1,1,yes,1,2,0,portuguese,1
560,GP,M,16,U,LE3,T,2,1,no,1,1,6,portuguese,0
561,GP,F,15,R,GT3,T,3,3,yes,3,0,2,portuguese,0
562,GP,M,19,U,GT3,T,3,2,yes,1,0,6,portuguese,0
563,GP,F,17,U,GT3,T,4,4,no,1,0,0,portuguese,0
564,GP,M,15,R,GT3,T,2,3,no,2,0,0,portuguese,1
565,GP,M,17,R,LE3,T,1,2,no,1,3,14,portuguese,0
566,GP,F,18,R,GT3,T,1,1,no,1,3,6,portuguese,0
567,GP,M,16,R,GT3,T,2,2,no,1,0,4,portuguese,0
568,GP,M,16,U,GT3,T,3,3,yes,2,1,0,portuguese,1
569,GP,M,16,U,LE3,T,1,2,yes,1,2,0,portuguese,0
570,GP,M,17,R,LE3,T,2,1,yes,1,1,8,portuguese,1
571,GP,M,17,R,GT3,T,3,2,yes,2,2,4,portuguese,1
572,GP,M,15,U,LE3,T,1,2,no,1,0,2,portuguese,0
573,GP,M,16,U,GT3,T,1,3,yes,1,1,2,portuguese,1
574,GP,M,17,R,LE3,T,1,1,no,2,0,0,portuguese,1
575,GP,M,17,U,GT3,T,3,2,no,1,3,10,portuguese,1
576,GP,M,16,U,GT3,T,2,2,yes,2,0,0,portuguese,0
577,GP,F,16,U,GT3,T,4,2,yes,2,0,0,portuguese,0
578,GP,F,16,U,GT3,T,2,2,yes,2,0,0,portuguese,0
579,GP,F,16,U,GT3,T,4,4,yes,2,0,0,portuguese,0
580,GP,M,16,U,GT3,T,3,4,yes,1,1,4,portuguese,0
581,GP,M,16,U,GT3,T,1,0,yes,2,0,0,portuguese,0
582,GP,M,17,U,LE3,T,4,4,yes,2,0,0,portuguese,0
583,GP,F,16,U,GT3,T,1,3,yes,2,0,0,portuguese,0
584,GP,F,16,U,LE3,T,3,3,yes,2,0,0,portuguese,0
585,GP,M,17,U,LE3,T,4,3,yes,2,0,0,portuguese,0
586,GP,F,16,U,GT3,T,2,2,yes,2,0,0,portuguese,0
587,GP,M,17,U,GT3,T,3,3,yes,2,0,4,portuguese,0
588,GP,M,16,R,GT3,T,4,2,yes,1,0,8,portuguese,0
589,GP,M,17,U,GT3,T,4,3,yes,2,0,4,portuguese,0
590,GP,M,16,U,GT3,T,4,3,yes,2,0,4,portuguese,0
591,GP,M,16,U,GT3,T,3,3,yes,2,0,0,portuguese,0
592,GP,F,17,U,GT3,T,2,4,no,2,0,0,portuguese,0
593,GP,F,17,U,LE3,T,3,3,yes,2,0,32,portuguese,0
594,GP,F,16,U,GT3,T,3,2,yes,2,0,8,portuguese,0
595,GP,M,17,U,GT3,T,3,3,yes,2,0,6,portuguese,0
596,GP,M,16,U,GT3,T,1,2,yes,1,0,0,portuguese,0
597,GP,M,16,U,LE3,T,2,1,yes,2,0,0,portuguese,0
598,GP,F,17,U,GT3,A,3,3,yes,2,0,10,portuguese,0
599,GP,M,17,R,GT3,T,1,2,no,2,0,6,portuguese,0
600,GP,F,16,U,GT3,T,2,3,yes,2,0,6,portuguese,0
601,GP,F,17,U,GT3,T,1,1,yes,2,0,0,portuguese,0
602,GP,M,17,U,GT3,T,1,2,yes,2,0,16,portuguese,0
603,GP,M,16,R,GT3,T,3,3,yes,1,0,0,portuguese,0
604,GP,M,16,U,GT3,T,2,3,yes,1,0,0,portuguese,0
605,GP,F,17,U,LE3,T,2,4,yes,2,0,8,portuguese,0
606,GP,M,17,U,GT3,T,4,4,yes,1,0,4,portuguese,0
607,GP,M,16,R,LE3,T,3,3,yes,1,0,16,portuguese,0
608,GP,F,17,U,GT3,T,4,4,yes,1,1,30,portuguese,0
609,GP,F,16,U,LE3,T,4,4,yes,2,0,0,portuguese,0
610,GP,F,16,U,GT3,T,4,3,yes,2,0,2,portuguese,0
611,GP,F,16,U,GT3,T,2,3,no,2,0,4,portuguese,0
612,GP,F,17,U,GT3,T,1,1,no,2,0,0,portuguese,0
613,GP,F,17,R,GT3,T,2,2,yes,1,0,21,portuguese,0
614,GP,F,16,R,GT3,T,2,2,yes,4,0,6,portuguese,0
615,GP,F,17,U,GT3,T,3,4,yes,3,1,14,portuguese,1
616,GP,F,16,U,GT3,A,3,1,yes,2,0,2,portuguese,0
617,GP,F,16,U,GT3,T,4,3,yes,2,0,4,portuguese,0
618,GP,F,16,U,GT3,T,1,1,no,1,0,2,portuguese,0
619,GP,F,17,R,GT3,T,4,3,yes,3,0,0,portuguese,0
620,GP,F,19,U,GT3,T,3,3,yes,4,0,4,portuguese,0
621,GP,M,17,U,LE3,T,4,4,yes,2,0,15,portuguese,0
622,GP,F,16,U,GT3,A,2,2,yes,2,0,0,portuguese,0
623,GP,M,18,U,GT3,T,2,2,yes,2,0,10,portuguese,0
624,GP,F,17,R,LE3,T,4,4,no,1,0,6,portuguese,0
625,GP,F,17,U,LE3,T,3,2,yes,2,0,2,portuguese,0
626,GP,F,17,U,GT3,T,4,3,yes,2,0,16,portuguese,0
627,GP,M,18,U,LE3,T,3,3,yes,2,0,10,portuguese,0
628,GP,F,17,U,GT3,T,2,3,no,1,0,4,portuguese,0
629,GP,F,17,U,GT3,T,2,2,yes,3,0,0,portuguese,0
630,GP,F,17,R,GT3,T,2,1,yes,2,0,0,portuguese,0
631,GP,F,17,U,GT3,T,1,1,no,3,0,12,portuguese,0
632,GP,F,16,U,GT3,T,2,3,yes,2,0,0,portuguese,0
633,GP,M,18,U,GT3,T,2,2,yes,2,3,9,portuguese,0
634,GP,F,16,U,GT3,T,4,4,yes,3,0,4,portuguese,0
635,GP,F,18,R,GT3,T,3,1,yes,2,0,4,portuguese,1
636,GP,F,17,U,GT3,T,3,2,yes,2,0,2,portuguese,0
637,GP,M,17,U,LE3,T,2,3,yes,2,0,0,portuguese,0
638,GP,M,18,U,LE3,T,2,1,yes,2,0,2,portuguese,0
639,GP,F,17,U,GT3,A,2,1,yes,3,0,0,portuguese,0
640,GP,F,17,U,LE3,T,4,3,yes,2,0,0,portuguese,0
641,GP,M,17,R,GT3,T,2,2,yes,2,0,0,portuguese,0
642,GP,M,17,U,GT3,T,4,4,yes,2,0,0,portuguese,0
643,GP,M,16,U,GT3,T,4,4,yes,2,0,0,portuguese,0
644,GP,M,16,U,LE3,T,1,1,yes,2,0,2,portuguese,1
645,GP,M,16,U,GT3,T,3,2,yes,3,0,0,portuguese,0
646,GP,M,17,U,LE3,T,2,2,yes,2,0,0,portuguese,0
647,GP,F,16,U,GT3,T,2,1,yes,1,0,4,portuguese,0
648,GP,F,16,U,GT3,A,4,1,yes,2,0,0,portuguese,0
649,GP,F,18,U,LE3,A,2,4,yes,2,1,18,portuguese,0
650,GP,F,18,U,LE3,T,2,2,yes,2,1,16,portuguese,0
651,GP,F,18,U,GT3,T,3,3,yes,1,1,14,portuguese,1
652,GP,M,18,U,GT3,T,2,2,yes,1,1,26,portuguese,1
653,GP,M,17,U,GT3,T,4,4,yes,1,0,6,portuguese,1
654,GP,F,17,U,GT3,T,3,2,no,2,0,4,portuguese,0
655,GP,F,17,U,LE3,T,1,1,yes,3,0,10,portuguese,0
656,GP,F,16,U,GT3,T,1,2,yes,1,0,4,portuguese,0
657,GP,F,17,R,GT3,T,2,1,no,2,0,2,portuguese,0
658,GP,F,17,R,LE3,A,1,4,yes,1,1,14,portuguese,1
659,GP,M,18,U,GT3,T,2,2,yes,2,0,16,portuguese,1
660,GP,F,17,U,LE3,A,2,2,yes,1,1,8,portuguese,0
661,GP,F,17,R,LE3,T,1,1,yes,3,0,4,portuguese,0
662,GP,F,17,U,LE3,A,4,2,no,2,0,4,portuguese,0
663,GP,M,17,U,LE3,T,4,3,yes,2,0,8,portuguese,0
664,GP,M,17,R,LE3,A,4,4,yes,2,0,0,portuguese,0
665,GP,M,16,U,LE3,T,4,3,yes,1,0,7,portuguese,0
666,GP,M,16,U,GT3,T,4,4,yes,1,0,4,portuguese,0
667,GP,F,17,U,GT3,T,4,4,yes,2,0,2,portuguese,0
668,GP,M,17,R,GT3,T,1,1,yes,3,0,2,portuguese,0
669,GP,F,17,U,GT3,T,3,3,yes,3,0,10,portuguese,0
670,GP,F,17,U,GT3,T,1,1,no,2,0,10,portuguese,0
671,GP,F,18,U,GT3,T,2,1,yes,3,0,10,portuguese,0
672,GP,M,16,U,GT3,T,2,1,yes,1,0,7,portuguese,0
673,GP,F,17,U,GT3,T,1,1,no,2,0,4,portuguese,0
674,GP,M,17,U,GT3,T,2,3,yes,1,0,2,portuguese,0
675,GP,M,22,U,GT3,T,3,1,yes,1,3,12,portuguese,1
676,GP,M,18,R,LE3,T,3,3,yes,2,0,8,portuguese,0
677,GP,M,16,U,GT3,T,0,2,yes,1,0,0,portuguese,0
678,GP,M,18,U,GT3,T,3,2,yes,1,0,8,portuguese,1
679,GP,M,16,U,GT3,T,3,3,yes,2,1,4,portuguese,0
680,GP,M,18,U,GT3,T,2,1,yes,1,2,4,portuguese,1
681,GP,M,16,R,GT3,T,2,1,no,1,0,2,portuguese,0
682,GP,M,17,R,GT3,T,2,1,yes,1,0,0,portuguese,0
683,GP,M,17,U,LE3,T,1,1,yes,1,1,0,portuguese,0
684,GP,F,18,U,LE3,A,2,1,yes,2,0,2,portuguese,0
685,GP,F,17,U,LE3,T,4,2,yes,4,0,2,portuguese,0
686,GP,F,19,U,GT3,T,2,2,yes,2,0,0,portuguese,0
687,GP,M,18,U,LE3,T,2,1,yes,2,1,4,portuguese,0
688,GP,F,17,R,GT3,T,4,2,yes,3,0,2,portuguese,0
689,GP,F,18,U,LE3,T,1,1,no,3,0,4,portuguese,0
690,GP,F,18,R,GT3,T,2,2,no,2,0,4,portuguese,0
691,GP,M,19,U,LE3,A,4,3,yes,2,0,4,portuguese,0
692,GP,M,18,U,GT3,T,2,1,yes,2,0,2,portuguese,0
693,GP,M,17,R,GT3,T,2,2,no,1,0,0,portuguese,0
694,GP,F,17,U,LE3,T,2,2,yes,4,0,2,portuguese,0
695,GP,F,20,R,GT3,T,2,1,yes,2,0,8,portuguese,0
696,GP,F,18,U,GT3,T,4,3,yes,2,0,2,portuguese,0
697,GP,M,18,U,GT3,T,4,3,yes,2,0,2,portuguese,0
698,GP,M,18,R,GT3,T,3,2,no,3,0,2,portuguese,0
699,GP,F,17,U,GT3,T,3,3,no,3,0,2,portuguese,0
700,GP,F,18,U,GT3,T,2,2,yes,3,0,0,portuguese,0
701,GP,M,17,U,GT3,T,2,2,yes,1,0,8,portuguese,1
702,GP,M,18,R,LE3,A,3,4,yes,2,0,6,portuguese,0
703,GP,M,17,U,GT3,T,3,1,yes,2,0,0,portuguese,0
704,GP,F,18,R,GT3,T,4,4,yes,2,0,8,portuguese,0
705,GP,M,18,U,GT3,T,4,2,yes,2,0,4,portuguese,0
706,GP,F,18,R,GT3,T,2,1,yes,2,0,12,portuguese,0
707,GP,F,19,U,GT3,T,3,3,yes,2,0,16,portuguese,0
708,GP,F,18,U,GT3,T,2,3,yes,4,0,10,portuguese,0
709,GP,F,18,U,LE3,T,1,1,no,2,0,2,portuguese,0
710,GP,M,17,R,GT3,T,1,2,no,2,0,2,portuguese,0
711,GP,F,18,U,GT3,T,2,1,yes,2,0,8,portuguese,0
712,GP,F,17,U,GT3,T,2,4,yes,2,0,6,portuguese,0
713,GP,F,17,U,LE3,T,2,2,yes,2,0,6,portuguese,0
714,GP,F,18,R,GT3,A,3,2,yes,2,0,15,portuguese,0
715,GP,M,18,U,GT3,T,4,4,yes,1,0,6,portuguese,0
716,GP,F,18,U,GT3,T,4,4,yes,2,1,2,portuguese,0
717,GP,F,17,U,GT3,T,2,2,yes,3,0,8,portuguese,0
718,GP,F,19,R,GT3,T,3,2,yes,2,1,0,portuguese,0
719,GP,M,18,U,LE3,T,4,3,yes,1,0,0,portuguese,0
720,GP,M,18,U,GT3,T,1,2,yes,1,0,10,portuguese,0
721,GP,M,17,U,LE3,A,4,1,yes,1,0,22,portuguese,0
722,GP,M,17,U,LE3,A,3,2,yes,1,0,18,portuguese,0
723,GP,F,18,R,LE3,T,1,1,no,4,0,2,portuguese,0
724,GP,F,18,U,GT3,T,1,1,yes,2,0,0,portuguese,0
725,GP,F,17,U,GT3,T,2,2,yes,2,0,12,portuguese,0
726,GP,F,18,U,GT3,T,2,1,yes,2,0,10,portuguese,0
727,GP,M,17,U,GT3,T,1,1,yes,2,0,0,portuguese,0
728,GP,F,18,U,GT3,T,2,2,yes,3,0,0,portuguese,0
729,GP,F,17,U,GT3,T,1,1,yes,3,0,0,portuguese,0
730,GP,M,18,U,GT3,T,2,1,yes,3,0,0,portuguese,0
731,GP,M,18,U,LE3,A,4,4,yes,2,0,0,portuguese,0
732,GP,M,18,U,GT3,T,4,2,yes,2,0,2,portuguese,0
733,GP,F,17,U,GT3,T,4,3,yes,3,0,0,portuguese,0
734,GP,F,17,R,LE3,T,3,1,no,4,0,0,portuguese,0
735,GP,M,18,R,LE3,T,3,2,yes,3,0,0,portuguese,0
736,GP,M,17,U,GT3,T,3,3,yes,1,0,0,portuguese,0
737,GP,F,19,U,GT3,T,4,4,yes,2,0,2,portuguese,0
738,GP,F,18,U,LE3,T,4,3,yes,2,0,0,portuguese,0
739,GP,F,18,U,GT3,T,4,3,yes,4,0,0,portuguese,0
740,GP,M,18,U,LE3,T,4,4,yes,1,0,0,portuguese,0
741,GP,F,18,U,LE3,A,4,4,yes,2,0,0,portuguese,0
742,GP,M,17,U,LE3,T,4,4,yes,1,0,0,portuguese,0
743,GP,F,17,R,GT3,T,4,4,yes,3,0,0,portuguese,1
744,GP,F,17,U,GT3,T,4,2,yes,3,0,0,portuguese,0
745,GP,F,17,U,GT3,T,3,2,yes,4,0,0,portuguese,0
746,GP,M,19,R,LE3,T,2,1,yes,3,1,0,portuguese,0
747,GP,M,20,U,GT3,A,3,2,no,1,2,0,portuguese,0
748,GP,M,19,R,GT3,T,3,3,no,2,0,0,portuguese,0
749,GP,F,18,U,GT3,T,1,4,no,2,0,2,portuguese,0
750,GP,F,18,U,GT3,T,2,1,yes,2,0,2,portuguese,0
751,GP,F,17,U,GT3,T,2,3,yes,2,0,2,portuguese,0
752,GP,F,17,R,GT3,T,4,4,yes,1,0,2,portuguese,0
753,GP,F,18,U,GT3,T,4,3,yes,3,0,2,portuguese,0
754,GP,F,18,U,LE3,T,4,3,yes,1,0,8,portuguese,0
755,GP,F,17,R,GT3,T,3,4,yes,3,0,2,portuguese,0
756,GP,F,18,U,GT3,T,3,3,yes,2,0,8,portuguese,0
757,GP,M,19,U,GT3,T,4,2,yes,2,0,9,portuguese,0
758,GP,F,18,U,GT3,T,4,4,yes,2,0,0,portuguese,0
759,GP,F,18,U,GT3,T,3,4,yes,1,0,4,portuguese,0
760,GP,F,17,U,GT3,T,4,4,yes,1,0,2,portuguese,0
761,GP,F,17,U,GT3,A,4,3,yes,2,0,14,portuguese,0
762,GP,F,17,U,LE3,A,3,3,yes,2,0,0,portuguese,0
763,GP,F,17,U,LE3,T,2,1,yes,2,0,2,portuguese,0
764,GP,M,18,U,LE3,T,4,4,yes,1,0,2,portuguese,0
765,GP,F,19,U,GT3,T,1,1,no,3,0,12,portuguese,0
766,GP,F,19,U,LE3,A,1,1,yes,2,2,2,portuguese,1
767,GP,F,18,U,GT3,T,2,2,yes,1,0,2,portuguese,0
768,GP,F,17,U,GT3,T,2,2,no,2,0,4,portuguese,0
769,GP,F,17,R,LE3,T,2,2,yes,3,0,0,portuguese,0
770,GP,F,17,U,GT3,T,3,1,yes,3,0,0,portuguese,0
771,GP,F,17,U,LE3,T,0,2,yes,3,0,0,portuguese,0
772,GP,F,18,U,GT3,T,1,1,yes,3,0,0,portuguese,0
773,GP,M,18,U,GT3,T,4,4,yes,3,0,0,portuguese,0
774,GP,M,17,U,GT3,T,3,3,yes,1,0,0,portuguese,0
775,GP,M,17,R,GT3,T,2,2,yes,1,0,2,portuguese,0
776,GP,F,17,U,GT3,T,4,4,yes,3,0,0,portuguese,0
777,GP,F,17,U,GT3,T,4,4,yes,3,0,4,portuguese,0
778,GP,F,17,U,GT3,T,3,3,yes,1,0,2,portuguese,0
779,GP,M,18,U,LE3,T,2,2,yes,4,0,0,portuguese,0
780,GP,M,19,R,GT3,T,3,2,no,1,0,0,portuguese,0
781,GP,F,18,U,GT3,T,2,2,no,2,0,2,portuguese,0
782,GP,F,17,R,GT3,T,2,4,yes,3,0,0,portuguese,0
783,GP,M,18,U,GT3,T,2,2,yes,1,0,6,portuguese,0
784,GP,F,18,U,GT3,T,3,3,yes,2,0,8,portuguese,0
785,GP,F,18,U,LE3,T,2,2,yes,2,0,0,portuguese,0
786,GP,F,18,R,GT3,T,2,2,no,4,0,6,portuguese,0
787,GP,F,17,U,GT3,T,3,4,yes,3,0,8,portuguese,0
788,GP,F,17,U,GT3,T,3,2,yes,2,0,0,portuguese,0
789,GP,F,18,U,LE3,T,3,3,yes,4,0,4,portuguese,0
790,GP,F,17,R,GT3,A,3,2,yes,2,0,0,portuguese,0
791,GP,M,18,U,GT3,T,4,4,yes,2,0,0,portuguese,0
792,GP,M,18,U,LE3,T,3,4,yes,2,0,6,portuguese,0
793,GP,F,17,U,GT3,A,2,2,yes,2,0,18,portuguese,0
794,GP,F,18,U,GT3,T,2,3,yes,3,0,0,portuguese,0
795,GP,F,18,U,GT3,T,3,2,yes,3,0,4,portuguese,0
796,GP,M,18,R,GT3,T,4,3,yes,3,0,4,portuguese,0
797,GP,M,18,U,GT3,T,4,3,yes,3,0,0,portuguese,0
798,GP,F,17,U,GT3,T,4,3,yes,3,0,0,portuguese,0
799,GP,F,17,U,GT3,T,2,1,yes,2,0,10,portuguese,0
800,GP,F,17,U,GT3,T,2,1,yes,2,0,4,portuguese,0
801,GP,F,19,U,LE3,A,2,3,yes,1,1,16,portuguese,0
802,GP,F,17,U,GT3,T,3,1,yes,1,1,6,portuguese,0
803,GP,F,21,U,LE3,T,4,4,yes,3,2,0,portuguese,0
804,GP,M,18,U,LE3,T,2,2,yes,2,0,11,portuguese,0
805,GP,M,18,U,LE3,A,3,4,yes,2,0,9,portuguese,0
806,GP,F,17,U,GT3,T,2,2,yes,2,0,0,portuguese,0
807,GP,M,17,U,LE3,A,4,4,yes,3,0,2,portuguese,0
808,GP,F,18,U,LE3,T,4,2,yes,2,0,0,portuguese,0
809,GP,M,21,R,LE3,T,1,1,yes,2,2,21,portuguese,0
810,GP,F,20,R,GT3,T,1,1,yes,3,0,8,portuguese,0
811,GP,F,19,U,GT3,T,4,4,yes,1,1,5,portuguese,0
812,GP,M,17,U,LE3,A,3,2,yes,2,0,10,portuguese,0
813,GP,F,18,U,GT3,T,3,2,yes,3,0,5,portuguese,0
814,GP,M,18,R,GT3,T,2,3,yes,1,0,13,portuguese,0
815,GP,M,19,U,GT3,T,2,1,yes,1,0,10,portuguese,0
816,GP,F,18,U,LE3,A,2,2,yes,2,0,10,portuguese,0
817,GP,F,20,U,GT3,T,1,0,yes,1,1,5,portuguese,0
818,GP,F,18,U,GT3,T,3,2,yes,2,0,4,portuguese,0
819,MS,F,16,U,GT3,T,1,3,yes,1,0,11,portuguese,0
820,MS,F,16,R,GT3,T,2,2,yes,2,0,0,portuguese,0
821,MS,F,15,R,GT3,T,1,1,no,1,1,6,portuguese,0
822,MS,F,15,R,GT3,T,3,3,yes,1,0,4,portuguese,0
823,MS,F,16,R,GT3,T,2,3,no,2,0,0,portuguese,0
824,MS,F,15,R,LE3,T,2,1,no,1,0,0,portuguese,1
825,MS,M,16,R,LE3,A,4,4,no,2,0,5,portuguese,0
826,MS,M,16,U,GT3,A,1,2,yes,3,0,0,portuguese,0
827,MS,F,17,R,GT3,T,3,2,no,2,1,0,portuguese,0
828,MS,F,17,R,GT3,T,1,1,yes,1,1,0,portuguese,1
829,MS,F,15,R,GT3,T,4,4,yes,1,0,0,portuguese,0
830,MS,F,16,U,LE3,A,2,2,no,4,0,4,portuguese,0
831,MS,F,15,R,LE3,T,1,1,yes,2,0,0,portuguese,0
832,MS,F,15,R,LE3,T,1,1,yes,1,1,4,portuguese,1
833,MS,F,16,R,GT3,T,0,2,no,1,0,0,portuguese,0
834,MS,F,17,R,GT3,T,2,3,yes,1,0,2,portuguese,0
835,MS,F,15,R,GT3,T,3,3,yes,1,0,0,portuguese,0
836,MS,M,16,U,GT3,T,1,1,no,2,0,0,portuguese,1
837,MS,M,17,U,GT3,T,1,1,yes,2,0,4,portuguese,1
838,MS,M,15,R,LE3,T,4,1,yes,2,0,0,portuguese,0
839,MS,M,15,R,LE3,T,4,1,yes,2,0,7,portuguese,1
840,MS,M,16,R,GT3,T,3,4,no,2,0,4,portuguese,0
841,MS,M,15,R,GT3,T,1,1,no,2,0,8,portuguese,1
842,MS,M,15,U,LE3,T,3,3,yes,2,0,0,portuguese,0
843,MS,M,17,R,GT3,T,2,1,no,1,0,8,portuguese,1
844,MS,F,16,R,GT3,T,4,4,yes,3,0,6,portuguese,0
845,MS,F,15,R,GT3,T,1,2,no,1,0,3,portuguese,0
846,MS,F,16,R,GT3,T,2,3,yes,2,0,2,portuguese,0
847,MS,M,16,R,GT3,T,1,2,no,2,0,0,portuguese,0
848,MS,F,16,R,GT3,T,2,2,yes,2,0,4,portuguese,0
849,MS,F,16,U,GT3,T,1,2,no,3,1,0,portuguese,1
850,MS,F,16,U,GT3,T,1,2,no,3,1,3,portuguese,1
851,MS,F,15,U,GT3,T,2,1,yes,2,0,0,portuguese,1
852,MS,F,16,U,GT3,T,1,1,no,2,0,0,portuguese,0
853,MS,M,17,R,LE3,T,1,2,yes,1,0,4,portuguese,0
854,MS,F,16,R,GT3,T,1,1,yes,4,0,0,portuguese,0
855,MS,F,16,R,GT3,T,1,1,no,3,0,2,portuguese,0
856,MS,F,15,R,GT3,T,1,1,yes,2,0,1,portuguese,0
857,MS,F,16,R,GT3,T,1,1,yes,1,0,0,portuguese,0
858,MS,F,15,R,GT3,T,1,1,no,2,0,0,portuguese,0
859,MS,F,15,R,LE3,T,2,2,no,3,0,2,portuguese,0
860,MS,M,16,R,GT3,T,1,1,no,1,0,6,portuguese,0
861,MS,F,18,U,GT3,T,1,2,yes,2,1,9,portuguese,1
862,MS,M,15,U,GT3,T,3,1,no,1,0,0,portuguese,0
863,MS,F,16,R,GT3,T,2,2,yes,2,0,1,portuguese,0
864,MS,M,15,U,GT3,T,2,2,no,1,0,1,portuguese,0
865,MS,M,16,U,GT3,T,4,4,no,2,0,0,portuguese,0
866,MS,F,15,R,GT3,T,3,3,yes,2,0,4,portuguese,0
867,MS,F,16,R,GT3,T,2,2,no,2,1,2,portuguese,0
868,MS,F,16,R,LE3,T,2,2,no,1,0,0,portuguese,0
869,MS,M,16,U,LE3,T,2,1,yes,1,0,4,portuguese,0
870,MS,M,15,R,LE3,T,1,3,yes,1,0,2,portuguese,0
871,MS,F,15,U,GT3,T,2,2,no,3,0,0,portuguese,0
872,MS,F,16,R,LE3,T,2,1,yes,1,0,2,portuguese,1
873,MS,M,15,U,GT3,T,3,3,yes,1,0,11,portuguese,0
874,MS,F,16,R,GT3,T,1,1,no,2,3,0,portuguese,1
875,MS,F,17,U,GT3,T,2,2,no,1,0,4,portuguese,0
876,MS,F,19,U,GT3,T,2,3,yes,1,1,0,portuguese,0
877,MS,F,17,R,GT3,T,2,1,no,1,0,2,portuguese,0
878,MS,F,15,R,LE3,T,1,1,no,1,0,0,portuguese,1
879,MS,F,16,R,GT3,T,2,2,yes,2,0,1,portuguese,0
880,MS,F,16,U,LE3,A,2,2,no,1,0,6,portuguese,1
881,MS,F,17,R,GT3,T,2,2,yes,2,0,0,portuguese,0
882,MS,F,16,U,GT3,T,2,2,yes,1,1,1,portuguese,0
883,MS,F,18,R,LE3,A,3,2,no,3,2,6,portuguese,0
884,MS,F,19,U,GT3,T,1,1,no,3,1,6,portuguese,1
885,MS,M,18,R,GT3,T,1,1,yes,1,1,0,portuguese,0
886,MS,F,18,R,GT3,T,1,1,yes,1,1,4,portuguese,0
887,MS,F,19,U,GT3,T,1,1,yes,2,1,12,portuguese,1
888,MS,F,16,R,GT3,A,2,2,no,2,0,2,portuguese,0
889,MS,F,17,U,GT3,T,0,1,no,1,0,5,portuguese,0
890,MS,F,16,R,LE3,T,1,2,yes,2,0,0,portuguese,1
891,MS,F,16,U,GT3,T,3,3,yes,1,0,0,portuguese,0
892,MS,F,16,R,LE3,T,1,1,yes,1,0,2,portuguese,0
893,MS,M,17,U,GT3,T,3,3,no,4,1,0,portuguese,0
894,MS,F,16,U,GT3,T,2,1,yes,2,0,0,portuguese,0
895,MS,F,16,U,GT3,T,2,2,no,1,0,0,portuguese,0
896,MS,M,17,U,GT3,T,1,2,yes,1,1,12,portuguese,1
897,MS,M,16,U,LE3,T,4,3,yes,1,0,8,portuguese,0
898,MS,M,17,R,LE3,T,2,2,no,4,1,2,portuguese,1
899,MS,F,16,U,GT3,T,1,1,yes,4,0,0,portuguese,0
900,MS,F,19,U,LE3,T,2,2,yes,3,0,0,portuguese,0
901,MS,F,17,R,GT3,T,1,1,yes,1,0,0,portuguese,0
902,MS,F,20,U,GT3,T,3,3,yes,2,1,8,portuguese,0
903,MS,F,17,U,LE3,T,1,1,no,3,0,0,portuguese,0
904,MS,M,17,R,GT3,T,2,2,yes,1,1,0,portuguese,1
905,MS,F,16,R,LE3,T,1,1,no,2,0,0,portuguese,0
906,MS,F,17,R,GT3,T,2,2,no,2,0,0,portuguese,0
907,MS,F,17,U,GT3,A,1,0,yes,2,0,1,portuguese,0
908,MS,F,18,R,GT3,T,1,1,yes,2,1,9,portuguese,1
909,MS,F,16,U,GT3,T,3,1,yes,1,0,0,portuguese,1
910,MS,F,16,U,GT3,T,3,2,yes,1,0,2,portuguese,1
911,MS,F,18,U,LE3,T,1,1,no,2,0,8,portuguese,0
912,MS,F,16,R,GT3,T,4,4,yes,2,0,0,portuguese,0
913,MS,F,16,R,LE3,T,1,2,yes,1,0,0,portuguese,0
914,MS,F,18,U,GT3,A,2,4,yes,2,1,8,portuguese,1
915,MS,M,16,R,GT3,T,2,1,yes,2,0,0,portuguese,1
916,MS,F,16,U,LE3,T,1,1,yes,2,0,6,portuguese,1
917,MS,F,16,R,GT3,T,2,3,yes,2,0,0,portuguese,0
918,MS,F,16,U,GT3,T,4,4,yes,2,0,4,portuguese,1
919,MS,M,18,U,LE3,T,4,4,yes,4,0,2,portuguese,1
920,MS,F,16,R,LE3,T,3,4,no,2,0,2,portuguese,1
921,MS,M,17,U,LE3,T,4,4,yes,3,0,0,portuguese,0
922,MS,F,17,R,GT3,T,4,1,yes,1,0,1,portuguese,0
923,MS,M,16,U,LE3,T,2,2,no,3,0,0,portuguese,0
924,MS,F,17,R,GT3,T,2,2,yes,1,0,5,portuguese,1
925,MS,F,16,U,LE3,T,4,4,no,1,0,1,portuguese,0
926,MS,M,17,U,GT3,T,3,3,yes,1,0,8,portuguese,1
927,MS,M,17,U,GT3,T,1,1,yes,2,0,0,portuguese,0
928,MS,M,16,U,GT3,T,2,1,yes,2,0,2,portuguese,1
929,MS,F,16,U,LE3,T,2,1,yes,2,0,0,portuguese,0
930,MS,M,16,U,LE3,T,4,4,yes,1,0,0,portuguese,0
931,MS,M,15,R,GT3,T,1,2,no,2,0,11,portuguese,0
932,MS,M,15,U,LE3,A,2,2,no,4,0,8,portuguese,0
933,MS,M,15,U,LE3,A,2,1,yes,1,0,11,portuguese,0
934,MS,F,16,R,LE3,T,2,2,no,3,0,2,portuguese,0
935,MS,F,16,U,LE3,T,4,1,yes,2,0,8,portuguese,0
936,MS,F,17,U,GT3,T,3,2,no,1,0,5,portuguese,0
937,MS,F,17,R,GT3,T,2,2,no,2,0,0,portuguese,0
938,MS,F,16,U,GT3,T,4,4,yes,3,0,1,portuguese,0
939,MS,M,17,R,GT3,T,4,4,yes,1,3,2,portuguese,1
940,MS,M,17,R,LE3,T,1,3,no,1,0,2,portuguese,0
941,MS,M,17,U,GT3,T,3,4,yes,2,1,8,portuguese,1
942,MS,F,17,U,GT3,T,4,4,yes,2,0,0,portuguese,0
943,MS,M,16,R,LE3,T,4,1,yes,1,0,0,portuguese,0
944,MS,F,17,U,GT3,A,1,1,yes,2,0,2,portuguese,0
945,MS,F,17,R,GT3,T,4,2,yes,2,0,0,portuguese,0
946,MS,M,16,U,LE3,A,2,2,yes,2,0,0,portuguese,0
947,MS,M,17,U,GT3,T,3,2,yes,2,0,0,portuguese,0
948,MS,M,19,U,GT3,T,1,1,yes,2,2,2,portuguese,0
949,MS,M,17,U,LE3,A,1,0,no,1,0,4,portuguese,0
950,MS,F,17,R,GT3,T,1,1,yes,1,0,3,portuguese,0
951,MS,F,16,R,GT3,T,1,2,yes,3,0,5,portuguese,0
952,MS,M,16,R,LE3,T,1,2,no,1,0,4,portuguese,0
953,MS,F,17,R,GT3,T,3,1,yes,2,3,2,portuguese,0
954,MS,M,17,R,GT3,T,2,2,no,1,0,0,portuguese,0
955,MS,M,18,R,GT3,T,1,0,no,1,1,0,portuguese,0
956,MS,M,17,R,GT3,T,1,1,yes,1,0,0,portuguese,0
957,MS,M,18,U,LE3,T,1,1,no,2,0,6,portuguese,0
958,MS,F,16,R,LE3,T,2,2,no,2,0,0,portuguese,0
959,MS,M,17,U,GT3,T,2,2,no,1,1,0,portuguese,1
960,MS,M,16,R,GT3,T,3,2,yes,1,0,2,portuguese,0
961,MS,M,16,R,LE3,T,1,1,yes,1,0,0,portuguese,1
962,MS,M,18,R,GT3,T,1,1,yes,1,1,2,portuguese,1
963,MS,M,18,R,GT3,T,3,2,yes,1,1,0,portuguese,1
964,MS,M,19,U,GT3,T,3,2,no,1,3,4,portuguese,1
965,MS,M,18,U,GT3,T,3,3,yes,2,2,9,portuguese,1
966,MS,M,16,R,GT3,T,2,2,yes,1,0,6,portuguese,1
967,MS,M,19,U,GT3,T,2,1,yes,1,3,4,portuguese,1
968,MS,F,16,U,GT3,A,3,2,no,2,2,8,portuguese,1
969,MS,F,17,U,GT3,T,1,1,no,1,0,9,portuguese,0
970,MS,M,20,R,GT3,T,1,1,yes,1,1,12,portuguese,0
971,MS,F,18,R,GT3,A,4,3,yes,1,0,8,portuguese,0
972,MS,M,18,R,GT3,T,3,2,yes,1,0,8,portuguese,0
973,MS,M,19,R,GT3,T,1,1,yes,2,1,8,portuguese,0
974,MS,M,17,U,GT3,T,3,3,yes,2,1,4,portuguese,0
975,MS,M,18,U,LE3,T,1,3,yes,1,0,0,portuguese,1
976,MS,M,19,R,GT3,T,1,1,yes,1,1,4,portuguese,0
977,MS,F,18,U,GT3,A,1,2,no,2,2,2,portuguese,1
978,MS,F,19,U,LE3,A,1,1,no,1,0,0,portuguese,1
979,MS,F,18,R,GT3,T,2,2,yes,1,1,0,portuguese,1
980,MS,F,17,R,GT3,T,0,0,yes,1,0,0,portuguese,0
981,MS,F,17,R,LE3,A,3,1,no,3,0,5,portuguese,1
982,MS,F,17,U,GT3,T,4,2,yes,2,0,0,portuguese,1
983,MS,F,18,R,LE3,T,2,2,yes,2,1,3,portuguese,1
984,MS,F,17,U,GT3,T,4,1,no,1,0,0,portuguese,1
985,MS,F,17,U,LE3,T,1,2,yes,1,0,0,portuguese,0
986,MS,F,18,U,GT3,T,1,1,no,2,2,3,portuguese,1
987,MS,F,18,U,GT3,T,2,2,yes,2,0,2,portuguese,0
988,MS,F,17,U,GT3,T,3,3,yes,1,0,0,portuguese,0
989,MS,F,18,U,LE3,A,1,2,yes,2,0,0,portuguese,0
990,MS,F,18,U,GT3,T,4,4,yes,2,0,0,portuguese,0
991,MS,M,18,U,LE3,T,4,4,yes,1,0,3,portuguese,0
992,MS,F,17,U,GT3,T,4,2,yes,2,0,0,portuguese,0
993,MS,F,18,R,GT3,T,2,2,no,2,1,0,portuguese,1
994,MS,M,18,U,LE3,T,1,2,no,1,0,8,portuguese,0
995,MS,M,18,R,GT3,T,4,4,yes,1,0,5,portuguese,0
996,MS,M,17,R,GT3,T,1,1,no,1,0,4,portuguese,0
997,MS,F,18,U,GT3,T,2,2,yes,2,0,4,portuguese,0
998,MS,F,18,U,LE3,T,2,2,yes,3,0,0,portuguese,0
999,MS,F,18,R,LE3,A,4,2,yes,2,0,0,portuguese,1
1000,MS,F,18,U,GT3,T,1,1,no,2,1,2,portuguese,0
1001,MS,F,19,U,GT3,T,1,1,no,1,1,0,portuguese,1
1002,MS,F,17,U,GT3,T,4,2,yes,4,0,0,portuguese,0
1003,MS,F,17,R,LE3,A,2,1,yes,2,0,5,portuguese,0
1004,MS,F,18,U,LE3,A,1,1,no,2,0,2,portuguese,0
1005,MS,F,18,U,GT3,T,1,2,no,2,0,0,portuguese,0
1006,MS,F,19,R,GT3,A,1,1,no,2,3,0,portuguese,1
1007,MS,F,18,R,GT3,T,2,2,yes,3,0,5,portuguese,0
1008,MS,M,17,R,GT3,T,4,3,yes,2,1,4,portuguese,0
1009,MS,F,18,U,GT3,T,3,3,no,2,0,0,portuguese,0
1010,MS,F,17,R,GT3,T,4,4,yes,2,0,2,portuguese,0
1011,MS,F,17,U,LE3,A,3,2,no,2,0,0,portuguese,0
1012,MS,M,18,U,LE3,T,1,1,yes,1,0,2,portuguese,0
1013,MS,F,18,U,LE3,T,1,1,yes,3,0,0,portuguese,0
1014,MS,F,18,R,LE3,A,1,2,no,2,0,0,portuguese,0
1015,MS,F,18,U,GT3,T,3,3,yes,2,0,6,portuguese,0
1016,MS,F,17,U,LE3,T,4,4,yes,2,0,4,portuguese,0
1017,MS,F,17,R,GT3,T,1,2,no,2,0,0,portuguese,0
1018,MS,M,18,R,GT3,T,1,3,no,2,0,0,portuguese,1
1019,MS,M,18,U,LE3,T,4,4,yes,3,0,0,portuguese,0
1020,MS,F,17,R,GT3,T,1,1,yes,1,1,0,portuguese,1
1021,MS,F,18,U,GT3,T,2,3,yes,1,0,0,portuguese,0
1022,MS,F,18,R,GT3,T,4,4,yes,2,0,0,portuguese,1
1023,MS,M,18,R,LE3,T,1,2,yes,1,0,3,portuguese,0
1024,MS,F,17,U,GT3,T,2,2,no,3,0,8,portuguese,0
1025,MS,F,17,R,GT3,T,1,2,yes,1,0,4,portuguese,1
1026,MS,F,18,R,LE3,T,4,4,yes,3,0,0,portuguese,0
1027,MS,F,18,R,GT3,T,1,1,yes,3,0,4,portuguese,0
1028,MS,F,19,R,GT3,T,1,1,yes,2,1,4,portuguese,1
1029,MS,F,18,R,LE3,T,4,4,yes,2,0,1,portuguese,0
1030,MS,F,18,U,GT3,T,3,3,yes,2,0,1,portuguese,0
1031,MS,F,17,R,GT3,T,3,1,yes,2,0,10,portuguese,1
1032,MS,M,18,U,GT3,T,4,4,yes,2,0,4,portuguese,0
1033,MS,M,18,R,GT3,T,2,1,yes,1,0,0,portuguese,1
1034,MS,M,17,U,GT3,T,2,3,yes,2,0,4,portuguese,0
1035,MS,M,19,R,GT3,T,1,1,no,1,1,0,portuguese,1
1036,MS,M,18,R,GT3,T,4,2,no,1,1,0,portuguese,1
1037,MS,F,18,R,GT3,T,2,2,no,3,0,0,portuguese,0
1038,MS,F,17,U,GT3,T,4,3,yes,2,0,0,portuguese,0
1039,MS,F,18,R,GT3,T,4,4,yes,1,0,4,portuguese,0
1040,MS,F,19,R,GT3,T,2,3,yes,3,1,4,portuguese,0
1041,MS,F,18,U,LE3,T,3,1,yes,2,0,4,portuguese,0
1042,MS,F,18,U,GT3,T,1,1,no,2,0,6,portuguese,1
1043,MS,M,17,U,LE3,T,3,1,yes,1,0,6,portuguese,0
1044,MS,M,18,R,LE3,T,3,2,yes,1,0,4,portuguese,0
